{"cameraMode":{"drawMode":0,"name":"Shaded","section":"Shading Mode"},"sceneLighting":true,"audioPlay":false,"sceneViewState":{"showFog":true,"showMaterialUpdate":true,"showSkybox":true,"showFlares":true,"showImageEffects":true,"showParticleSystems":true},"in2DMode":false,"pivot":{"x":84.27157592773438,"y":475.0614929199219,"z":0.0},"rotation":{"x":-0.04828875511884689,"y":0.021893220022320749,"z":-0.0009055917616933584,"w":-0.9986534714698792},"size":266.80816650390627,"orthographic":false}