{"cameraMode":{"drawMode":0,"name":"Shaded","section":"Shading Mode"},"sceneLighting":true,"audioPlay":false,"sceneViewState":{"showFog":true,"showMaterialUpdate":true,"showSkybox":true,"showFlares":true,"showImageEffects":true,"showParticleSystems":true},"in2DMode":false,"pivot":{"x":123.71142578125,"y":411.1905822753906,"z":-42.08013916015625},"rotation":{"x":-0.042267657816410068,"y":0.04436638951301575,"z":-0.0017301705665886403,"w":-0.9981786012649536},"size":220.17477416992188,"orthographic":false}