{"cameraMode":{"drawMode":0,"name":"Shaded","section":"Shading Mode"},"sceneLighting":true,"audioPlay":false,"sceneViewState":{"showFog":true,"showMaterialUpdate":true,"showSkybox":true,"showFlares":true,"showImageEffects":true,"showParticleSystems":true},"in2DMode":false,"pivot":{"x":64.684814453125,"y":357.0555419921875,"z":96.0738525390625},"rotation":{"x":0.08863518387079239,"y":0.03733580932021141,"z":-0.0034120245836675169,"w":0.9954110980033875},"size":615.7000732421875,"orthographic":false}