{"cameraMode":{"drawMode":0,"name":"Shaded","section":"Shading Mode"},"sceneLighting":true,"audioPlay":false,"sceneViewState":{"showFog":true,"showMaterialUpdate":true,"showSkybox":true,"showFlares":true,"showImageEffects":true,"showParticleSystems":true},"in2DMode":false,"pivot":{"x":469.4613952636719,"y":905.6897583007813,"z":-9.840682983398438},"rotation":{"x":-0.042267657816410068,"y":0.04436638951301575,"z":-0.0017301705665886403,"w":-0.9981786012649536},"size":202.23828125,"orthographic":false}